bodyId,type,instance
12781,DNge104,DNge104_R
556329,DNge104,DNge104_L
10141,DNg15,DNg15_L
10202,GNG103,GNG103(hb5813083315)_R
10216,DNge037,DNge037_R
10218,DNg35,DNg35_R
10296,DNge054,DNge054_R
10304,DNge041,DNge041_R
10377,DNge054,DNge054_L
10438,BM,BM_L
10482,DNg35,DNg35_L
10490,GNG671,GNG671_M
10499,DNge039,DNge039_R
10501,GNG284,GNG284(hb1821378236)_L
10581,IN06B012,IN06B012_L
10587,DNge011,DNge011_L
10592,AN08B012,AN08B012_L
10686,DNge132,DNge132_L
10706,DNx01,DNx01_L
10788,SAD112_c,SAD112_c_R
10832,GNG302,GNG302_L
10939,SAD113,SAD113_R
10967,DNg70,DNg70_R
10968,DNp34,DNp34_L
10970,GNG301,GNG301_R
11131,DNg70,DNg70_L
11156,GNG102,GNG102_R
11193,ALIN6,ALIN6_R
11201,DNpe007,DNpe007(hb1343489608)_L
11239,DNx01,DNx01_R
11352,DNge027,DNge027_L
11482,DNge065,DNge065_R
11502,DNge132,DNge132_R
11520,SAD110,SAD110_R
11645,GNG583,GNG583_R
11702,AMMC012,AMMC012_R
11797,DNge041,DNge041_L
11950,CB0591,CB0591_L
11979,GNG651,GNG651_R
12086,GNG562,GNG562_R
12143,AN01A055,AN01A055_L
12169,DNg87,DNg87_L
12170,DNge044,DNge044_R
12188,DNg84,DNg84_R
12218,DNpe031,DNpe031(PVLP116)_L
12219,DNg48,DNg48_L
12307,DNg59,DNg59_R
12336,PS326,PS326_R
12386,DNg84,DNg84_L
12394,DNge148,DNge148_R
12451,DNge128,DNge128_R
12457,AN01B002,AN01B002(12457)_L
12465,DNg48,DNg48_R
12490,DNd04,DNd04_L
12497,GNG102,GNG102_L
12512,DNge010,DNge010_R
12601,DNge122,DNge122_R
12716,GNG551,GNG551_R
12725,GNG509,GNG509_L
12745,GNG046,GNG046_L
12759,ALIN6,ALIN6_L
12868,ANXXX027,ANXXX027_L
12874,DNde001,DNde001(SAD041)_L
12906,GNG423,GNG423_L
13041,ANXXX027,ANXXX027_L
13047,DNge133,DNge133_L
13135,DNge122,DNge122_L
13176,DNg85,DNg85_R
13181,ANXXX027,ANXXX027_R
13232,ALIN7,ALIN7_L
13381,ANXXX027,ANXXX027_L
13399,ANXXX093,ANXXX093_R
13580,ANXXX027,ANXXX027_R
13624,DNg62,DNg62_L
13652,DNge038,DNge038_R
13670,BM,BM_R
13883,AN17B005,AN17B005_R
14098,DNge044,DNge044_L
14119,AN09B023,AN09B023(14119)_R
14246,AN17B012,AN17B012_R
14265,DNge133,DNge133_R
14537,DNge078,DNge078_L
14628,AN09B023,AN09B023(14119)_L
14994,ANXXX027,ANXXX027(14994)_R
15070,AN08B012,AN08B012_L
15192,AN05B097,AN05B097_R
15333,BM,BM_R
15443,ANXXX027,ANXXX027(15443)_R
15673,DNg20,DNg20_L
15751,AN17A003,AN17A003_L
15825,DNg21,DNg21_R
15884,AN17A076,AN17A076_R
15906,AN23B001,AN23B001_R
15993,,
16086,ANXXX041,ANXXX041_L
16172,GNG423,GNG423_R
16384,AN17A003,AN17A003_R
16445,PVLP123,PVLP123_R
16458,ANXXX041,ANXXX041_L
16510,AN09B009,AN09B009_R
16778,GNG456,GNG456_R
17094,AN09B023,AN09B023(17094)_R
17158,AN05B099,AN05B099_R
17197,SAD040,SAD040_L
17362,BM,BM_R
17490,AN04B001,AN04B001_R
17492,AN05B023d,AN05B023d_L
17513,AN05B009,AN05B009_R
17555,DNxl114,DNxl114_L
17628,AN23B001,AN23B001_L
17967,DNde006,DNde006_L
18039,mALB4,mALB4_L
18050,AN09B009,AN09B009_L
18153,AN17A012,AN17A012_R
18278,AN05B029,AN05B029_L
18338,AN09B003,AN09B003(18338)_R
18643,AN09B027,AN09B027(hb1446765621)_L
18957,AN05B099,AN05B099_L
19411,AN09B029,AN09B029_L
19419,AN09B029,AN09B029_R
20065,ANXXX055,ANXXX055_L
20260,INXXX056,INXXX056_R
20344,AN08B026,AN08B026_L
20553,BM,BM_L
20644,AN09B014,AN09B014_L
20898,AN09B060,AN09B060(20328)_R
20996,AMMC036,AMMC036_L
21360,AN04B001,AN04B001_L
22087,DNg83,DNg83_L
22507,,22507_L
22518,AN09B060,AN09B060(22518)_R
22572,AN09B034,AN09B034_L
22728,AN17A004,AN17A004_L
22961,AN09B026,AN09B026_L
23168,AN01B002,AN01B002(12457)_R
23382,AN01B002,AN01B002(23382)_R
23566,AN17A004,AN17A004_R
23826,AN05B005,AN05B005_L
24532,,
25047,AN09B020,AN09B020_L
25821,GNG611,GNG611_R
26144,BM_Vib,BM_Vib_L
26284,AN05B005,AN05B005_R
26519,JO-FV,JO-FV_R
26671,ANXXX026,ANXXX026_R
26873,,
27599,GNG448,GNG448_L
27635,GNG449,GNG449_R
27702,ANXXX013,ANXXX013_L
27797,AN09A007,AN09A007_R
28450,DNge153,DNge153_R
28455,ANXXX404,ANXXX404_L
28584,ANXXX013,ANXXX013_R
28826,AN09B009,AN09B009_L
28856,AN09B009,AN09B009_R
29161,,
29242,DNge153,DNge153_L
29485,,
29665,AN17A018,AN17A018_R
29976,GNG611,GNG611_L
30366,GNG449,GNG449_L
31055,JO-FV,JO-FV_R
31180,AN09B036,AN09B036_R
31546,SAD116,SAD116_R
33829,DNg83,DNg83_R
33990,GNG429,GNG429_R
34980,GNG429,GNG429_L
35203,GNG669,GNG669_R
35619,SAD001,SAD001_R
35930,CB0533,CB0533_L
36082,GNG450,GNG450_L
36667,AN09B020,AN09B020_R
36948,BM,BM_R
37363,AN07B035,AN07B035_R
37686,DNg12_b,DNg12_b_R
37743,AN05B069,AN05B069_L
37876,AN17A003,AN17A003_R
38419,BM_Taste,BM_Taste_L
38850,AN17A047,AN17A047_L
39338,GNG669,GNG669_L
39549,BM_Vt_PoOc,BM_Vt_PoOc_R
40743,LN-DN1,LN-DN1_L
41197,CB2710,CB2710_L
41594,AN05B096,AN05B096_L
42148,AN17A031,AN17A031_L
42428,AN05B107,AN05B107_R
42467,AN17A003,AN17A003_L
42580,ANXXX092,ANXXX092_L
43003,AN12B055,AN12B055_R
43716,AN09B020,AN09B020_L
44319,AN19B015,AN19B015_L
45049,GNG450,GNG450_R
45843,AN17A024,AN17A024_R
47659,AN05B096,AN05B096_L
48265,GNG451,GNG451_L
49096,BM,BM_R
49164,AN08B023,AN08B023_L
50285,AN17A047,AN17A047_R
50566,BM,BM_R
52104,AN09B023,AN09B023_L
52455,GNG492,GNG492_L
53581,AN09B021,AN09B021_L
53588,AN01A006,AN01A006_R
56218,AN17A024,AN17A024_L
56630,AN05B049_c,AN05B049_c_L
56710,AN01A021,AN01A021_R
56906,AN09B023,AN09B023_R
58725,AN09B009,AN09B009_R
58828,BM,BM_R
60372,AN05B049_c,AN05B049_c_R
61729,BM,BM_L
62405,DNg39,DNg39_L
63880,GNG181,GNG181_L
66518,AN09B009,AN09B009_L
67239,ANXXX024,ANXXX024_R
68405,BM,BM_R
69797,JO-CM,JO-CM_L
70636,ANXXX024,ANXXX024_L
70705,BM,BM_L
79634,ANXXX037,ANXXX037_R
80212,AN08B005,AN08B005_L
81912,BM_vOcci_vPoOr,BM_vOcci_vPoOr_L
81935,BM_MaPa,BM_MaPa_R
84707,BM_Vib,BM_Vib_L
85538,AN05B049_b,AN05B049_b_R
89002,JO-FV,JO-FV_R
91163,GNG429,GNG429_R
93000,BM,BM_L
97950,BM_Vib,BM_Vib_R
98212,BM,BM_R
98764,AN04A001,AN04A001_L
101318,BM_Vib,BM_Vib_R
104738,AN05B069,AN05B069_L
106104,AN05B045,AN05B045_L
106770,,
108254,,
108358,BM,BM_R
109201,BM_Vib,BM_Vib_L
111272,BM,BM_L
111673,BM_Vib,BM_Vib_R
114110,,
120430,,
120703,BM_Vib,BM_Vib_L
121953,BM_Vib,BM_Vib_R
124578,ANXXX086,ANXXX086_R
124689,AN05B054_a,AN05B054_a_L
127912,JO-FV,JO-FV_L
128571,BM_Vib,BM_Vib_L
131757,BM_Vib,BM_Vib_L
134177,BM,BM_L
137839,AN05B054_b,AN05B054_b_R
146314,JO-FV,JO-FV_L
152829,BM_Vib,BM_Vib_L
154152,JO-FV,JO-FV_L
156256,BM,BM_L
158361,,
158715,BM_MaPa,BM_MaPa_L
162471,AN09B020,AN09B020_R
166035,BM_Vib,BM_Vib_R
169850,AN08B005,AN08B005_R
169936,BM,BM_L
170014,JO-FV,JO-FV_L
173087,BM_Vib,BM_Vib_L
175014,BM_vOcci_vPoOr,BM_vOcci_vPoOr_R
176912,BM_Vib,BM_Vib_L
179637,JO-FV,JO-FV_L
180061,BM_vOcci_vPoOr,BM_vOcci_vPoOr_R
181692,BM_vOcci_vPoOr,BM_vOcci_vPoOr_R
183851,,
183993,JO-FV,JO-FV_R
184643,BM_InOm,BM_InOm_L
188780,JO-FD2,JO-FD2_L
189057,BM_Taste,BM_Taste_R
189426,BM_InOm,BM_InOm_L
189997,BM_InOm,BM_InOm_L
190983,BM_InOm,BM_InOm_R
191539,BM_InOm,BM_InOm_L
192612,BM_InOm,BM_InOm_L
193450,BM_InOm,BM_InOm_L
193699,BM_InOm,BM_InOm_L
195910,BM_InOm,BM_InOm_L
199395,BM_MaPa,BM_MaPa_L
199738,BM_vOcci_vPoOr,BM_vOcci_vPoOr_R
202814,BM_InOm,BM_InOm_L
203208,BM_InOm,BM_InOm_L
203822,BM_InOm,BM_InOm_L
206889,BM_InOm,BM_InOm_L
207348,BM_InOm,BM_InOm_L
207504,BM_InOm,BM_InOm_L
208200,BM_InOm,BM_InOm_L
208719,BM_InOm,BM_InOm_L
209503,BM_InOm,BM_InOm_R
210111,BM_MaPa,BM_MaPa_R
210251,BM_InOm,BM_InOm_L
210253,BM_InOm,BM_InOm_L
210476,BM_InOm,BM_InOm_L
210817,BM,BM_L
210915,BM_InOm,BM_InOm_L
211020,BM_InOm,BM_InOm_L
211092,BM_InOm,BM_InOm_L
211409,BM_InOm,BM_InOm_R
212198,BM_InOm,BM_InOm_L
212910,BM_MaPa,BM_MaPa_R
212922,BM_InOm,BM_InOm_L
213138,BM_InOm,BM_InOm_L
213211,BM_InOm,BM_InOm_L
214285,BM_InOm,BM_InOm_L
214463,JO-unclear,JO-unclear_L
214478,BM_InOm,BM_InOm_L
214767,BM_InOm,BM_InOm_L
215032,BM_InOm,BM_InOm_L
215573,BM_InOm,BM_InOm_L
215643,BM_InOm,BM_InOm_L
216573,BM_InOm,BM_InOm_L
217750,BM_InOm,BM_InOm_L
217851,BM_InOm,BM_InOm_L
218513,JO-FV,JO-FV_R
218719,BM_InOm,BM_InOm_L
218722,ANXXX086,ANXXX086_L
218888,BM_InOm,BM_InOm_R
219189,,
219374,BM_InOm,BM_InOm_L
220166,BM_InOm,BM_InOm_L
220170,BM_InOm,BM_InOm_L
220523,BM_InOm,BM_InOm_L
220580,BM_InOm,BM_InOm_L
220685,BM_InOm,BM_InOm_L
221163,BM_InOm,BM_InOm_L
221349,BM_InOm,BM_InOm_L
221428,BM_InOm,BM_InOm_L
221504,BM_InOm,BM_InOm_L
221715,BM_InOm,BM_InOm_L
221778,BM_InOm,BM_InOm_L
221779,BM_InOm,BM_InOm_L
221788,BM_InOm,BM_InOm_L
222144,BM_InOm,BM_InOm_L
222415,BM_InOm,BM_InOm_L
223296,BM_InOm,BM_InOm_L
223575,BM_InOm,BM_InOm_L
223714,BM_InOm,BM_InOm_L
223943,BM_InOm,BM_InOm_L
224058,BM_InOm,BM_InOm_L
224061,JO-FD2,JO-FD2_R
224225,BM_InOm,BM_InOm_L
224261,JO-FV,JO-FV_L
224404,BM_InOm,BM_InOm_L
224633,BM_InOm,BM_InOm_R
225563,BM_InOm,BM_InOm_L
225619,BM_InOm,BM_InOm_R
226280,BM_InOm,BM_InOm_L
226965,BM_InOm,BM_InOm_L
227023,BM_InOm,BM_InOm_L
227275,BM_InOm,BM_InOm_L
227896,BM_InOm,BM_InOm_L
228003,BM_InOm,BM_InOm_L
228237,BM_InOm,BM_InOm_L
228252,BM_InOm,BM_InOm_L
228329,BM_InOm,BM_InOm_L
228534,BM_InOm,BM_InOm_L
228930,BM_InOm,BM_InOm_L
229032,BM_InOm,BM_InOm_L
229401,BM_InOm,BM_InOm_L
229434,BM_InOm,BM_InOm_L
229440,BM_InOm,BM_InOm_L
229545,BM_InOm,BM_InOm_L
229891,BM_InOm,BM_InOm_L
230007,BM_InOm,BM_InOm_R
230757,BM_InOm,BM_InOm_L
230996,BM_InOm,BM_InOm_L
231188,BM_MaPa,BM_MaPa_R
231544,BM_InOm,BM_InOm_L
231648,BM,BM_R
231826,BM_InOm,BM_InOm_L
231925,BM_InOm,BM_InOm_L
232031,BM_InOm,BM_InOm_L
232742,BM_InOm,BM_InOm_L
232995,BM_InOm,BM_InOm_L
232997,BM_InOm,BM_InOm_L
233045,BM_InOm,BM_InOm_L
233166,BM_InOm,BM_InOm_L
233717,BM_InOm,BM_InOm_L
234075,BM_InOm,BM_InOm_L
234346,BM_InOm,BM_InOm_L
234380,BM_InOm,BM_InOm_L
235133,JO-CM,JO-CM_R
235206,BM_InOm,BM_InOm_L
235830,BM_InOm,BM_InOm_L
236166,BM_InOm,BM_InOm_L
236601,BM_InOm,BM_InOm_L
236733,BM_InOm,BM_InOm_L
237207,BM_InOm,BM_InOm_L
237468,BM_InOm,BM_InOm_L
237833,JO-FV,JO-FV_L
238266,BM_InOm,BM_InOm_L
238279,BM_InOm,BM_InOm_L
238358,BM_InOm,BM_InOm_L
238803,BM_InOm,BM_InOm_L
240429,BM_InOm,BM_InOm_L
240648,BM_InOm,BM_InOm_L
241227,BM_Vib,BM_Vib_R
241273,BM_InOm,BM_InOm_L
241942,BM_InOm,BM_InOm_L
242463,BM_InOm,BM_InOm_L
242623,BM_InOm,BM_InOm_L
242842,BM_InOm,BM_InOm_L
243283,BM_InOm,BM_InOm_L
244467,BM_InOm,BM_InOm_L
244560,BM_InOm,BM_InOm_L
244621,BM_InOm,BM_InOm_L
244634,BM_InOm,BM_InOm_L
244762,BM_InOm,BM_InOm_L
244900,BM_InOm,BM_InOm_L
245258,BM_InOm,BM_InOm_L
245627,BM_InOm,BM_InOm_L
246484,JO-FV,JO-FV_L
246573,BM_InOm,BM_InOm_R
246760,BM_InOm,BM_InOm_L
246970,BM_InOm,BM_InOm_L
247028,JO-FV,JO-FV_L
247499,BM_InOm,BM_InOm_L
247785,BM_InOm,BM_InOm_L
248139,BM_InOm,BM_InOm_L
248702,BM_InOm,BM_InOm_L
249230,BM_InOm,BM_InOm_R
249354,BM_InOm,BM_InOm_L
249601,BM,BM_L
249680,BM_InOm,BM_InOm_L
249687,BM_InOm,BM_InOm_L
249814,BM_InOm,BM_InOm_L
250870,BM_InOm,BM_InOm_L
252264,BM_InOm,BM_InOm_L
252308,BM_InOm,BM_InOm_L
252582,BM_InOm,BM_InOm_L
253245,BM_InOm,BM_InOm_L
253695,BM_vOcci_vPoOr,BM_vOcci_vPoOr_R
255012,BM_InOm,BM_InOm_R
255240,BM_InOm,BM_InOm_L
255563,BM_InOm,BM_InOm_L
256027,BM_InOm,BM_InOm_L
256521,BM_InOm,BM_InOm_L
258443,BM_InOm,BM_InOm_L
258520,BM_InOm,BM_InOm_L
259513,BM_InOm,BM_InOm_L
262241,BM_InOm,BM_InOm_R
262589,BM_InOm,BM_InOm_L
262699,BM_InOm,BM_InOm_R
263271,BM_InOm,BM_InOm_L
263985,BM_InOm,BM_InOm_R
264429,BM_InOm,BM_InOm_L
265662,BM_InOm,BM_InOm_L
265858,BM_InOm,BM_InOm_L
266262,BM_InOm,BM_InOm_L
266558,BM_InOm,BM_InOm_L
267387,BM_InOm,BM_InOm_L
268222,BM_InOm,BM_InOm_L
268351,JO-FD2,JO-FD2_R
269127,BM_InOm,BM_InOm_R
270485,BM_InOm,BM_InOm_L
270753,BM_InOm,BM_InOm_L
271182,BM_InOm,BM_InOm_L
272912,BM_InOm,BM_InOm_R
273370,BM_InOm,BM_InOm_L
274117,BM_InOm,BM_InOm_L
274188,BM_InOm,BM_InOm_R
275075,BM_InOm,BM_InOm_R
275384,BM_InOm,BM_InOm_L
275782,BM_InOm,BM_InOm_L
276101,BM_InOm,BM_InOm_L
276969,BM_InOm,BM_InOm_R
277445,BM_InOm,BM_InOm_L
277939,BM_InOm,BM_InOm_L
278464,BM_MaPa,BM_MaPa_L
278749,BM_InOm,BM_InOm_L
278901,BM_InOm,BM_InOm_R
279099,BM_InOm,BM_InOm_R
279391,JO-FV,JO-FV_L
279816,BM_InOm,BM_InOm_L
280127,BM_InOm,BM_InOm_L
280166,BM_InOm,BM_InOm_L
280704,BM_InOm,BM_InOm_L
281806,BM_InOm,BM_InOm_L
282176,BM_MaPa,BM_MaPa_L
283013,BM_InOm,BM_InOm_R
283181,BM_InOm,BM_InOm_L
284053,BM_InOm,BM_InOm_L
284978,BM_InOm,BM_InOm_R
285013,BM_InOm,BM_InOm_L
285042,BM_InOm,BM_InOm_L
285158,AN05B049_a,AN05B049_a_L
285376,BM_InOm,BM_InOm_L
287167,JO-FV,JO-FV_L
288123,BM_InOm,BM_InOm_L
289180,BM_InOm,BM_InOm_R
289340,BM_InOm,BM_InOm_L
290332,BM,BM_L
290991,BM_InOm,BM_InOm_L
291322,BM_InOm,BM_InOm_R
291345,,
291562,BM_InOm,BM_InOm_R
293061,BM_InOm,BM_InOm_R
293507,BM_InOm,BM_InOm_L
293891,BM_MaPa,BM_MaPa_L
295892,BM_InOm,BM_InOm_R
296982,BM_InOm,BM_InOm_R
297837,BM_InOm,BM_InOm_L
298220,BM_InOm,BM_InOm_L
299083,BM_InOm,BM_InOm_L
300061,BM_InOm,BM_InOm_R
301023,BM_InOm,BM_InOm_R
301457,BM_InOm,BM_InOm_L
302324,BM_InOm,BM_InOm_L
302428,BM_InOm,BM_InOm_R
302730,BM_Vib,BM_Vib_R
302835,BM_InOm,BM_InOm_R
303057,JO-FV,JO-FV_R
303718,BM_InOm,BM_InOm_R
303968,JO-FV,JO-FV_L
304209,BM_InOm,BM_InOm_R
304920,BM_InOm,BM_InOm_L
305417,BM,BM_R
306607,JO-FV,JO-FV_R
306786,BM_InOm,BM_InOm_R
307879,BM_InOm,BM_InOm_L
308970,JO-FV,JO-FV_L
311901,BM_InOm,BM_InOm_L
312163,BM_vOcci_vPoOr,BM_vOcci_vPoOr_R
312492,BM_InOm,BM_InOm_L
312644,BM_vOcci_vPoOr,BM_vOcci_vPoOr_R
313734,BM_InOm,BM_InOm_L
316058,BM_InOm,BM_InOm_L
317278,BM,BM_L
317373,BM_InOm,BM_InOm_L
318381,BM_InOm,BM_InOm_R
319505,BM_InOm,BM_InOm_L
320555,BM_InOm,BM_InOm_L
320580,BM_InOm,BM_InOm_L
324453,JO-FV,JO-FV_L
324531,BM_InOm,BM_InOm_L
325112,,
325391,BM_InOm,BM_InOm_L
326200,BM_InOm,BM_InOm_R
326920,BM_InOm,BM_InOm_L
327169,,
327435,BM_InOm,BM_InOm_L
328287,BM_InOm,BM_InOm_R
329130,,
330716,BM_InOm,BM_InOm_R
331081,JO-FV,JO-FV_L
331154,BM_InOm,BM_InOm_L
331723,BM_InOm,BM_InOm_R
334545,BM_InOm,BM_InOm_R
335573,BM_InOm,BM_InOm_R
336332,JO-FV,JO-FV_L
336713,BM_MaPa,BM_MaPa_L
337014,BM_InOm,BM_InOm_R
337404,BM_InOm,BM_InOm_R
338000,BM_InOm,BM_InOm_L
339863,,
342366,BM_InOm,BM_InOm_L
342387,BM_InOm,BM_InOm_L
343346,JO-FV,JO-FV_L
343755,BM_InOm,BM_InOm_L
346129,BM_InOm,BM_InOm_R
347539,BM_InOm,BM_InOm_L
349902,BM_InOm,BM_InOm_L
351048,BM_InOm,BM_InOm_L
353032,,
353353,BM_InOm,BM_InOm_R
354071,BM_InOm,BM_InOm_L
355731,BM_InOm,BM_InOm_L
360461,JO-FV,JO-FV_L
361588,BM_InOm,BM_InOm_R
363186,BM_InOm,BM_InOm_R
364854,BM_InOm,BM_InOm_L
366437,BM_InOm,BM_InOm_R
370737,BM_InOm,BM_InOm_R
374817,BM_InOm,BM_InOm_R
376328,BM_InOm,BM_InOm_R
377359,BM_InOm,BM_InOm_L
379434,BM_InOm,BM_InOm_L
383152,,
383609,JO-FV,JO-FV_R
384458,BM_InOm,BM_InOm_R
385675,BM_InOm,BM_InOm_R
390116,JO-FV,JO-FV_R
390191,BM_MaPa,BM_MaPa_R
391478,BM_InOm,BM_InOm_L
391643,BM_InOm,BM_InOm_R
392311,BM_InOm,BM_InOm_R
393736,BM_InOm,BM_InOm_R
394013,BM_InOm,BM_InOm_R
400937,BM_InOm,BM_InOm_R
402408,BM_InOm,BM_InOm_L
403040,JO-FV,JO-FV_L
404484,BM_InOm,BM_InOm_L
407092,JO-FV,JO-FV_L
407325,JO-FV,JO-FV_R
407942,BM_InOm,BM_InOm_L
408508,BM_InOm,BM_InOm_L
409246,BM_InOm,BM_InOm_L
410443,BM_InOm,BM_InOm_L
412938,BM_InOm,BM_InOm_R
413665,BM_InOm,BM_InOm_R
416613,BM_InOm,BM_InOm_R
418026,BM_InOm,BM_InOm_L
422467,BM_InOm,BM_InOm_R
422978,JO-FV,JO-FV_R
423427,BM_InOm,BM_InOm_L
426803,JO-FV,JO-FV_L
428438,BM_InOm,BM_InOm_R
428785,BM_InOm,BM_InOm_L
428880,BM_InOm,BM_InOm_R
429535,BM_InOm,BM_InOm_R
429544,BM_InOm,BM_InOm_R
430460,BM_InOm,BM_InOm_R
430497,BM_InOm,BM_InOm_L
430903,BM_InOm,BM_InOm_R
432605,BM_InOm,BM_InOm_R
433054,BM_InOm,BM_InOm_R
435333,BM_InOm,BM_InOm_R
441179,BM_vOcci_vPoOr,BM_vOcci_vPoOr_R
442247,BM_InOm,BM_InOm_R
446276,BM_InOm,BM_InOm_R
447008,BM_InOm,BM_InOm_L
447631,BM_InOm,BM_InOm_R
447790,BM_InOm,BM_InOm_R
449363,BM_InOm,BM_InOm_L
449501,BM_InOm,BM_InOm_R
450263,BM_InOm,BM_InOm_R
457710,BM_InOm,BM_InOm_L
458737,BM,BM_L
464153,JO-FV,JO-FV_R
468519,BM_Vib,BM_Vib_R
471787,JO-FV,JO-FV_R
472022,BM_InOm,BM_InOm_R
477681,,
477979,,
479115,BM_InOm,BM_InOm_R
482280,JO-FV,JO-FV_L
494661,,
494761,BM_InOm,BM_InOm_L
511867,AN05B096,AN05B096_R
512059,ANXXX027,ANXXX027(15443)_L
512351,GNG490,GNG490_L
512512,BM_InOm,BM_InOm_L
512530,AN17B002,AN17B002_R
512555,AN09B018,AN09B018_L
512690,GNG516,GNG516_R
512825,ANXXX170,ANXXX170_L
513052,DNg15,DNg15_R
513114,AN01A055,AN01A055_R
513285,BM_Vt_PoOc,BM_Vt_PoOc_R
513286,,22507_R
513287,BM_Vib,BM_Vib_R
513405,AN05B040,AN05B040_L
513636,GNG495,GNG495_R
513688,BM_Hau,BM_Hau_R
513906,ANXXX404,ANXXX404_R
513968,AN05B017,AN05B017_L
515249,AN05B099,AN05B099_R
515514,JO-ED2_b,JO-ED2_b_L
515723,BM,BM_R
515724,BM,BM_R
515725,GNG451,GNG451_R
515767,ANXXX264,ANXXX264_L
516615,AN17A068,AN17A068_R
516930,DNg81,DNg81_L
517005,AN05B009,AN05B009_R
517276,BM_vOcci_vPoOr,BM_vOcci_vPoOr_R
517428,BM,BM_L
517631,,
517777,WED103,WED103_R
518563,DNg85,DNg85_L
518625,AN05B009,AN05B009_L
518626,BM,BM_L
519516,AN09B004,AN09B004_a_R
519626,AN17A008,AN17A008_L
519690,BM,BM_L
520119,mALD3,mALD3_R
520130,BM,BM_R
520131,BM,BM_R
520132,BM,BM_R
520133,BM,BM_R
520134,BM,BM_R
520195,AN05B023d,AN05B023d_R
520628,CB0591,CB0591_R
521358,SAD093,SAD093_L
521443,BM,BM_L
522310,ANXXX027,ANXXX027_R
522822,AN17A076,AN17A076_L
522840,,
523539,ANXXX027,ANXXX027(14994)_L
523547,AN05B097,AN05B097_L
523602,AN05B096,AN05B096_R
524082,GNG559,GNG559_R
524190,DNge012,DNge012_R
524245,AN09B014,AN09B014_R
524284,ALIN7,ALIN7_R
524363,GNG031,GNG031_L
524518,AN01B002,AN01B002(23382)_L
524860,AN09B013,AN09B013_R
524903,BM,BM_L
525378,GNG448,GNG448_R
525407,DNge128,DNge128_L
526592,AN05B068,AN05B068_R
529031,GNG300,GNG300_L
530686,AN17A018,AN17A018_R
530835,AN05B009,AN05B009_L
533407,BM_InOm,BM_InOm_R
535510,JO-FV,JO-FV_R
535512,JO-FV,JO-FV_R
536275,LN-DN2,LN-DN2_L
536485,BM_Vt_PoOc,BM_Vt_PoOc_R
550223,BM,BM_R
554335,BM_InOm,BM_InOm_L
554336,BM_InOm,BM_InOm_L
555500,DNg29,DNg29_R
555740,BM_Vt_PoOc,BM_Vt_PoOc_L
555871,DNpe017,DNpe017(hb1406000196)_R
556073,JO-FV,JO-FV_R
556076,GNG203,GNG203_L
556077,AN05B053,AN05B053_L
556078,,
556359,GNG511,GNG511_L
556721,,
556756,BM_Vib,BM_Vib_L
558778,AN08B012,AN08B012_R
558850,AN05B099,AN05B099_L
558912,,
560567,BM_MaPa,BM_MaPa_R
567846,BM_InOm,BM_InOm_R
569556,SAD117,SAD117_R
574283,BM_InOm,BM_InOm_L
581518,BM_MaPa,BM_MaPa_R
583692,,
800026,IN05B010,IN05B010_R
800092,IN05B028,IN05B028_L
800098,IN05B010,IN05B010_L
800101,IN01A012,IN01A012_R
800112,INXXX004,INXXX004_L
800125,IN04B001,IN04B001_L
800144,IN07B012,IN07B012_L
800179,IN23B018,IN23B018_R
800180,IN23B005,IN23B005_R
800192,INXXX038,INXXX038_R
800193,IN01B001,IN01B001_R
800208,IN05B010,IN05B010_R
800220,IN06B016,IN06B016_L
800221,IN04B001,IN04B001_R
800225,IN23B009,IN23B009_R
800232,INXXX027,INXXX027_L
800243,IN23B009,IN23B009_R
800268,IN01B001,IN01B001_L
800281,INXXX004,INXXX004_R
800303,IN23B009,IN23B009_L
800305,INXXX044,INXXX044_L
800319,INXXX027,INXXX027_R
800321,INXXX135,INXXX135_L
800337,IN23B005,IN23B005_L
800393,IN08B080,IN08B080_L
800401,IN23B005,IN23B005_L
800437,IN05B030,IN05B030_R
800471,IN13A002,IN13A002_R
800483,IN03A007,IN03A007_L
800485,IN06B003,IN06B003_L
800488,INXXX027,INXXX027_L
800510,INXXX038,INXXX038_L
800517,INXXX027,INXXX027_R
800537,IN23B009,IN23B009_L
800575,INXXX044,INXXX044_L
800580,IN01A012,IN01A012_L
800585,IN04B068,IN04B068_R
800632,IN09B014,IN09B014_R
800640,IN20A.22A008,IN20A.22A008_L
800651,IN12B011,IN12B011_L
800660,INXXX044,INXXX044_R
800669,IN23B037,IN23B037_R
800671,IN13A004,IN13A004_R
800676,IN09B008,IN09B008_R
800684,IN12A002,IN12A002_L
800691,IN13A005,IN13A005_R
800713,INXXX100,INXXX100_R
800721,IN09B014,IN09B014_L
800739,IN12A002,IN12A002_L
800763,IN05B020,IN05B020_L
800788,INXXX044,INXXX044_R
800804,IN12A002,IN12A002_R
800822,IN17A023,IN17A023_R
800826,IN17B006,IN17B006_R
800835,INXXX100,INXXX100_L
800836,IN13A004,IN13A004_L
800868,DNpe002,DNpe002(VES068)_R
800902,IN09A003,IN09A003_L
800978,IN03A015,IN03A015_L
800998,IN17B004,IN17B004_R
801018,IN13A007,IN13A007_L
801059,IN17A016,IN17A016_L
801072,IN07B012,IN07B012_R
801143,IN05B001,IN05B001_L
801206,AN17A018,AN17A018_R
801256,IN13A007,IN13A007_R
801272,IN17B015,IN17B015_R
801281,IN23B007,IN23B007_R
801365,INXXX100,INXXX100_L
801367,IN17A020,IN17A020_L
801377,IN23B006,IN23B006_R
801379,SNpp30,
801383,IN23B023,IN23B023_R
801389,IN09B006,IN09B006_R
801397,INXXX045,INXXX045_R
801504,IN10B023,IN10B023_R
801515,IN23B007,IN23B007_R
801519,IN17B010,IN17B010_L
801533,SNpp30,
801539,IN16B033,IN16B033_L
801576,IN07B012,IN07B012_R
801602,IN23B033,IN23B033_R
801603,IN23B022,IN23B022_L
801608,IN19A028,IN19A028_L
801640,IN01A017,IN01A017_L
801792,IN01B002,IN01B002_R
801833,IN23B018,IN23B018_R
801857,IN03A009,IN03A009_R
801872,INXXX216,INXXX216_R
801876,IN14A009,IN14A009_L
801883,IN17A028,IN17A028_L
801890,IN09A001,IN09A001_R
801938,IN23B037,IN23B037_L
801947,IN05B033,IN05B033_L
801950,IN14A009,IN14A009_R
801960,SNpp30,
802024,INXXX213,INXXX213_L
802056,IN23B027,IN23B027_L
802079,"IN17A059,IN17A063","IN17A059,IN17A063_L"
802102,IN03A015,IN03A015_R
802125,SNxx29,
802194,IN23B037,IN23B037_L
802196,INXXX045,INXXX045_R
802199,SNpp31,
802269,IN23B037,IN23B037_L
802273,IN17B015,IN17B015_L
802277,IN01A031,IN01A031_L
802314,IN04B100,IN04B100_L
802331,IN23B033,IN23B033_L
802382,IN04B013,IN04B013_L
802409,SNta13,SNta13_R
802429,IN05B033,IN05B033_L
802482,SNxx03,
802516,IN23B018,IN23B018_L
802517,IN01B020,IN01B020_L
802557,IN04B044,IN04B044_R
802596,IN23B065,IN23B065_R
802604,IN01A036,IN01A036_L
802615,IN05B019,IN05B019_R
802648,IN01B003,IN01B003_R
802652,IN05B013,IN05B013_L
802656,IN01A039,IN01A039_R
802670,IN14A011,IN14A011_R
802673,INXXX242,INXXX242_R
802700,IN23B037,IN23B037_R
802708,SNpp32,
802709,IN14A009,IN14A009_L
802735,IN23B037,IN23B037_R
802750,IN13A015,IN13A015_R
802758,IN00A031,IN00A031_M
802761,IN01A059,IN01A059_L
802764,IN04B100,IN04B100_R
802783,IN05B036,IN05B036_R
802833,IN23B017,IN23B017_R
802845,IN01A029,IN01A029_R
802852,IN01A048,IN01A048_R
802858,IN05B016,IN05B016_L
802906,IN23B032,IN23B032_L
802939,SNta12,
802989,IN01A036,IN01A036_L
803009,IN01B021,IN01B021_R
803021,IN23B017,IN23B017_L
803042,INXXX133,INXXX133_L
803043,IN23B037,IN23B037_R
803093,IN03A037,IN03A037_L
803154,INXXX252,INXXX252_L
803187,IN13A015,IN13A015_L
803247,SNpp32,
803249,IN23B023,IN23B023_L
803255,IN01A029,IN01A029_L
803270,IN23B018,IN23B018_L
803299,IN14A020,IN14A020_R
803301,IN01A059,IN01A059_R
803303,IN23B018,IN23B018_L
803399,IN23B046,IN23B046_L
803432,IN01A061,IN01A061_L
803461,IN17B015,IN17B015_R
803468,IN23B036,IN23B036_L
803525,SNta05,
803568,IN23B045,IN23B045_R
803593,IN23B023,IN23B023_R
803625,IN01A036,IN01A036_L
803626,SNta10,
803703,IN17A060,IN17A060_R
803722,IN23B037,IN23B037_L
803739,SNta12,
803741,IN12A048,IN12A048_L
803746,IN08A012,IN08A012_L
803761,SNta32,
803768,SNxx03,
803774,IN23B032,IN23B032_R
803776,IN23B032,IN23B032_L
803787,,
803846,IN23B023,IN23B023_L
803848,IN01B020,IN01B020_L
803882,SNta33,
803902,IN13B026,IN13B026_L
803921,IN02A044,IN02A044_L
803964,SNta29,
804051,IN23B032,IN23B032_R
804081,IN23B018,IN23B018_R
804104,SNta05,
804118,IN05B033,IN05B033_R
804120,SNta33,
804142,"SNta02,SNta09",
804151,SNta05,
804162,IN23B017,IN23B017_R
804212,IN23B066,IN23B066_R
804233,IN03A053,IN03A053_L
804236,IN03A039,IN03A039_R
804244,IN23B036,IN23B036_R
804259,IN23B028,IN23B028_R
804263,SNta34,
804287,SNta37,
804369,,
804377,SNxx03,
804447,SNta20,
804476,WG2,WG2_L
804498,SNta33,
804502,IN16B072,IN16B072_L
804513,IN01A048,IN01A048_L
804520,IN23B065,IN23B065_L
804563,IN03A039,IN03A039_L
804583,IN13B026,IN13B026_R
804585,IN23B060,IN23B060_L
804634,IN11A025,IN11A025_L
804640,IN03A033,IN03A033_L
804665,IN03A033,IN03A033_L
804668,SNxx03,
804678,IN04B047,IN04B047_R
804694,"SNta02,SNta09",
804710,IN06B070,IN06B070_L
804718,SNta33,
804731,IN23B037,IN23B037_L
804734,IN01A059,IN01A059_R
804745,IN23B051,IN23B051_L
804777,SNxx14,
804780,IN23B028,IN23B028_L
804794,IN04B036,IN04B036_L
804852,"SNta11,SNta14",
804863,IN23B041,IN23B041_R
804896,IN01B020,IN01B020_R
804916,IN23B023,IN23B023_L
804923,SNxx14,
804938,IN01B027_a,IN01B027_a_R
804945,IN23B049,IN23B049_L
805039,IN23B045,IN23B045_L
805050,SNta05,
805076,SNxx14,
805080,SNta37,
805120,IN23B062,IN23B062_L
805127,IN04B087,IN04B087_L
805176,IN23B049,IN23B049_R
805181,SNta20,
805196,IN23B060,IN23B060_L
805228,IN23B085,IN23B085_R
805264,IN17A034,IN17A034_R
805283,IN01A059,IN01A059_L
805318,IN23B049,IN23B049_R
805321,IN11A025,IN11A025_L
805397,IN23B032,IN23B032_L
805418,SNxx03,
805419,IN19A042,IN19A042_R
805428,IN01A036,IN01A036_R
805435,IN23B056,IN23B056_L
805483,IN23B022,IN23B022_R
805509,SNta11,
805575,IN04B100,IN04B100_R
805597,IN23B032,IN23B032_R
805603,IN11A025,IN11A025_R
805687,SNta42,
805696,IN23B049,IN23B049_L
805738,IN08B087,IN08B087_L
805783,SNta07,
805831,IN04B036,IN04B036_L
805867,IN08A021,IN08A021_R
805931,SNxx06,
805937,SNxx04,
805939,SNta06,
805942,IN03A053,IN03A053_L
805997,IN03A053,IN03A053_L
806000,SNta37,
806027,SNxx04,
806029,IN03A064,IN03A064_R
806034,IN23B059,IN23B059_L
806036,IN04B013,IN04B013_L
806053,SNta11,
806108,IN04B100,IN04B100_L
806166,IN23B046,IN23B046_L
806202,SNta29,
806206,IN23B059,IN23B059_R
806316,IN11A014,IN11A014_L
806448,IN23B065,IN23B065_R
806453,IN19A057,IN19A057_R
806634,SNta37,
806641,SNxx01,
806642,IN23B041,IN23B041_R
806660,IN08B040,IN08B040_R
806676,IN23B058,IN23B058_L
806687,IN23B032,IN23B032_L
806696,SNta13,SNta13_L
806766,SNta07,
806800,SNta43,
806891,IN10B032,IN10B032_L
806924,IN23B029,IN23B029_R
806952,IN23B049,IN23B049_L
806992,IN04B084,IN04B084_R
807098,SNta11,
807129,IN23B032,IN23B032_L
807173,IN23B053,IN23B053_R
807178,"SNta11,SNta14",
807191,IN23B058,IN23B058_R
807236,IN23B061,IN23B061_L
807247,IN23B060,IN23B060_R
807295,IN23B060,IN23B060_R
807305,SNta11,
807329,SNta29,
807342,IN04B067,IN04B067_R
807356,SNta11,
807367,SNta20,
807382,SNxx01,
807446,SNta11,
807449,SNxx03,
807481,SNta37,
807482,SNta18,
807495,SNxx04,
807496,IN04B088,IN04B088_R
807527,SNxx14,
807546,SNxx01,
807549,IN01A048,IN01A048_L
807550,SNxx14,
807601,SNxx01,
807652,IN23B060,IN23B060_R
807656,LgLG3,LgLG3_L
807657,SNxx03,
807664,"SNta02,SNta09",
807667,"SNta22,SNta33",
807679,IN23B053,IN23B053_L
807687,SNta20,
807730,SNxx14,
807736,SNta12,
807739,IN04B096,IN04B096_R
807746,SNta20,
807777,IN03B056,IN03B056_R
807778,IN23B065,IN23B065_L
807790,SNta12,
807806,"SNta22,SNta33",
807850,SNta29,
807877,IN03A076,IN03A076_L
807911,SNxx04,
807955,IN23B060,IN23B060_R
807963,IN03B056,IN03B056_R
807991,,
807995,SNta29,
807997,,
808035,"SNta11,SNta14",
808056,"SNta11,SNta14",
808083,SNta34,
808100,IN19B062,IN19B062_R
808113,,
808123,SNta29,
808127,SNta42,
808138,"SNta11,SNta14",
808145,"SNta11,SNta14",
808153,IN23B055,IN23B055_R
808164,,
808175,"SNta11,SNta14",
808196,"SNta11,SNta14",
808211,SNta19,
808225,"SNta11,SNta14",
808244,"SNta11,SNta14",
808262,SNxx28,
808273,SNta37,
808279,SNta04,
808288,IN03A082,IN03A082_R
808304,SNxx03,
808321,SNta32,SNta32_R
808343,"SNta02,SNta09",
808350,SNxx14,
808367,SNta37,
808381,"SNta11,SNta14",
808382,SNxx14,
808432,SNta43,
808437,,
808489,IN05B028,IN05B028_L
808490,SNta20,
808495,SNta35,
808521,SNxx01,
808535,SNta29,
808544,SNta20,
808560,SNxx03,
808591,SNta11,
808604,SNta07,
808666,"SNta11,SNta14",
808668,"SNta11,SNta14",
808678,SNta42,
808734,SNta11,
808745,"SNta11,SNta14",
808796,SNta20,
808799,IN23B062,IN23B062_L
808808,SNta20,
808809,"SNta11,SNta14",
808828,"SNta11,SNta14",
808874,SNxx04,
808913,SNta29,
808915,IN04B088,IN04B088_L
808921,"SNta11,SNta14",
808954,"SNta11,SNta14",
808992,IN23B084,IN23B084_L
808999,SNta35,
809018,SNta11,
809023,"SNta11,SNta14",
809032,"SNta11,SNta14",
809097,IN23B062,IN23B062_R
809179,,
809200,SNxx01,
809252,SNta37,
809327,,
809382,"SNta04,SNta11",
809383,"SNta11,SNta14",
809408,SNta20,
809413,"SNta11,SNta14",
809420,,
809453,"SNta25,SNta30",
809468,"SNta11,SNta14",
809474,IN23B055,IN23B055_L
809487,,
809508,SNxx04,
809530,"SNta11,SNta14",
809572,,
809583,SNta11,
809614,SNta37,
809623,"SNta11,SNta14",
809633,SNta30,
809651,SNta11,
809664,SNta04,
809674,SNta18,
809679,SNta37,
809694,SNta04,
809711,LgLG3,LgLG3_R
809728,SNta11,
809773,SNta32,
809795,SNta11,
809799,IN23B037,IN23B037_R
809801,SNta20,
809823,SNta37,
809837,SNta29,
809859,SNta29,
809874,SNxx14,
809880,SNta35,
809895,"SNta11,SNta14",
809970,SNta07,
809971,SNta43,
809995,SNta29,
810014,"SNta11,SNta14",
810015,IN23B060,IN23B060_L
810021,SNxx01,
810040,,
810050,SNta07,
810079,SNxx01,
810089,SNta20,
810106,,
810111,"SNta02,SNta09",
810113,SNta43,
810129,SNta04,
810131,IN23B062,IN23B062_R
810139,SNta37,
810168,SNta37,
810171,SNta04,
810191,IN23B072,IN23B072_L
810204,IN05B028,IN05B028_R
810219,SNta37,
810235,SNta11,
810243,SNta37,
810269,SNta04,
810293,SNxx14,
810366,SNta29,
810382,SNxx03,
810426,SNta37,
810456,SNta34,
810458,IN23B059,IN23B059_L
810490,SNta18,
810495,INXXX387,INXXX387_R
810519,"SNta04,SNta11",
810533,SNta37,
810576,SNta20,
810582,SNta04,
810585,SNta33,
810594,SNta32,
810599,IN23B050,IN23B050_L
810616,SNta11,
810645,SNta11,
810648,SNta11,
810733,SNta04,
810738,SNta36,
810754,SNta07,
810755,IN01A007,IN01A007_R
810765,SNta32,
810771,SNta18,
810781,SNta11,
810804,IN23B053,IN23B053_L
810823,SNta37,
810836,SNta29,
810843,SNta29,
810914,SNta03,
810919,"SNta04,SNta11",
810921,SNta37,
810923,SNta20,
810934,SNxx01,
810948,SNppxx,
811001,,
811005,SNta29,
811015,,
811041,SNta37,
811090,SNta29,
811105,SNta43,
811106,"SNta02,SNta09",
811107,SNta07,
811118,SNta37,
811123,SNta29,
811147,IN20A.22A050,IN20A.22A050_L
811165,SNta20,
811169,SNta29,
811217,"SNta02,SNta09",
811227,SNta42,
811243,SNta37,
811254,SNta03,
811275,SNxx04,
811286,SNta18,
811331,SNta11,
811335,SNta34,
811359,SNta43,
811379,SNxx04,
811435,SNta42,
811440,"SNta02,SNta09",
811464,SNta11,
811474,SNta30,
811475,SNpp14,
811479,SNta37,
811486,SNta20,
811502,SNxx03,
811538,SNta11,
811541,SNta18,
811562,SNpp14,
811565,SNta42,
811577,SNta43,
811586,SNta18,
811588,SNta33,
811596,SNta18,
811601,SNta29,
811604,LgLG3,LgLG3_L
811619,SNxx03,
811622,SNxx04,
811651,IN23B050,IN23B050_R
811672,SNta37,
811688,SNta32,
811699,SNta32,
811728,SNta11,
811729,SNta07,
811739,SNta28,
811746,SNta18,
811770,"SNta02,SNta09",
811785,SNpp14,
811789,SNta37,
811801,SNta06,
811855,SNta43,
811885,SNta37,
811920,IN23B090,IN23B090_R
812003,SNta20,
812007,SNta43,
812018,SNxx03,
812043,SNta37,
812046,SNta43,
812055,"SNta02,SNta09",
812058,SNta34,
812105,SNta18,
812110,"SNta04,SNta11",
812120,SNppxx,
812121,SNta28,
812140,SNta18,
812157,SNta37,
812158,,
812226,SNta29,
812227,SNta42,
812231,SNta37,
812243,SNta42,
812244,SNta42,
812253,SNta37,
812254,"SNta02,SNta09",
812266,,
812277,SNta37,
812278,SNta26,
812286,SNta26,
812301,SNta37,
812331,SNta29,
812349,SNta34,
812356,SNta37,
812366,"SNta04,SNta11",
812375,SNta20,
812378,SNta11,
812380,SNta11,
812381,INXXX429,INXXX429_L
812383,SNta07,
812386,SNta20,
812387,SNta20,
812398,,
812406,SNta11,
812417,SNta22,
812423,SNta20,
812426,SNta29,
812449,SNta20,
812457,"SNta04,SNta11",
812471,SNta42,
812477,,
812509,SNta18,
812534,SNta20,
812552,"SNta04,SNta11",
812566,SNta20,
812569,"SNta02,SNta09",
812571,WG2,WG2_L
812572,SNta43,
812579,SNta19,
812605,SNta28,
812615,,
812623,SNta18,
812627,SNta35,
812630,SNta20,
812640,SNta43,
812643,SNta37,
812657,SNta29,
812658,"SNta19,SNta37",
812662,"SNta04,SNta11",
812675,SNta03,
812676,SNta29,
812680,SNta29,
812688,SNxx03,
812689,SNta29,
812691,SNta29,
812722,SNta37,
812727,SNta18,
812741,SNta26,
812758,SNxx14,
812763,"SNta19,SNta37",
812772,SNta29,
812782,SNta07,
812784,SNta29,
812791,"SNta19,SNta37",
812794,SNxx03,
812802,SNta18,
812810,,
812817,SNta07,
812845,SNta29,
812857,SNta37,
812859,SNta11,
812860,SNta34,
812862,SNta18,
812866,"SNta02,SNta09",
812892,"SNta04,SNta11",
812896,SNta29,
812897,SNta43,
812913,SNta37,
812917,SNta20,
812921,SNta29,
812922,SNta34,
812955,"SNta02,SNta09",
812966,SNta29,
812970,SNta03,
812980,SNta29,
812991,SNta28,
812992,"SNta04,SNta11",
812994,SNta42,
812995,"SNta02,SNta09",
812999,"SNta04,SNta11",
813002,SNxx04,
813003,,
813010,"SNta02,SNta09",
813023,SNta29,
813033,"SNta02,SNta09",
813045,SNta19,
813048,SNta20,
813053,SNta44,
813059,"SNta27,SNta28",
813061,SNta29,
813082,SNta11,
813086,SNta34,
813099,SNta20,
813101,SNta20,
813109,SNta11,
813121,SNta20,
813122,SNta43,
813129,SNta29,
813135,SNta37,
813145,SNta18,
813166,SNta29,
813168,SNta04,
813176,SNta37,
813193,,
813210,"SNta02,SNta09",
813225,"SNta02,SNta09",
813228,SNta11,
813233,SNta30,
813234,SNta33,
813254,"SNta04,SNta11",
813260,SNta29,
813279,SNta20,
813296,LgLG3,LgLG3_L
813297,SNta11,
813298,SNta18,
813303,,
813327,SNta18,
813329,SNta18,
813337,SNta28,
813339,SNta20,
813340,SNta11,
813341,"SNta04,SNta11",
813347,IN23B049,IN23B049_R
813354,SNta20,
813361,SNta18,
813368,SNxx04,
813373,"SNta25,SNta30",
813381,SNta44,
813387,SNta37,
813400,SNta04,
813407,SNta18,
813408,SNxx01,
813414,,
813420,SNta43,
813421,SNta11,
813459,SNta37,
813460,,
813479,"SNta04,SNta11",
813484,SNxx14,
813492,SNta19,
813501,SNta11,
813504,SNta18,
813510,SNta29,
813513,SNta20,
813519,SNta20,
813529,SNta20,
813531,,
813533,,
813537,SNta28,
813548,SNta29,
813551,"SNta02,SNta09",
813554,SNta04,
813558,SNta31,
813570,SNta18,
813574,SNta20,
813581,SNta37,
813582,SNta34,
813591,SNta07,
813597,SNta20,
813600,SNta20,
813601,SNta29,
813609,"SNta02,SNta09",
813622,SNta34,
813630,"SNta02,SNta09",
813631,"SNta02,SNta09",
813653,SNta20,
813657,SNta18,
813659,SNxx03,
813663,SNta28,
813672,SNta20,
813679,SNta29,
813707,SNta07,
813708,"SNta04,SNta11",
813710,SNta20,
813713,SNta29,
813715,SNta11,
813716,SNta29,
813720,SNta07,
813729,SNta29,
813731,SNta11,
813743,SNta11,
813752,SNta23,
813753,SNta11,
813756,SNta20,
813767,IN05B028,IN05B028_R
813789,"SNta02,SNta09",
813793,"SNta02,SNta09",
813812,"SNta19,SNta37",
813813,SNta20,
813815,SNta20,
813818,SNxx03,
813828,SNta37,
813837,"SNta02,SNta09",
813840,"SNta04,SNta11",
813847,SNta07,
813865,"SNta02,SNta09",
813875,SNxx14,
813882,"SNta04,SNta11",
813885,SNta11,
813889,SNta37,
813895,SNta20,
813901,SNta37,
813906,SNxx14,
813919,SNta07,
813924,SNta29,
813933,"SNta04,SNta11",
813934,"SNta04,SNta11",
813939,"SNta04,SNta11",
813941,"SNta02,SNta09",
813946,SNta04,
813952,SNta29,
813961,"SNta02,SNta09",
813963,LgLG3,LgLG3_R
813967,"SNta04,SNta11",
813968,SNta29,
813969,SNta42,
813975,SNta20,
813976,SNta20,
813984,"SNta04,SNta11",
813997,"SNta02,SNta09",
813999,"SNta02,SNta09",
814012,"SNta02,SNta09",
814013,"SNta02,SNta09",
814014,SNta03,
814015,SNta11,
814017,SNta29,
814028,SNta43,
814040,SNxx04,
814044,SNta34,
814045,SNta29,
814051,"SNta28,SNta44",
814057,"SNta04,SNta11",
814070,SNta37,
814077,"SNta04,SNta11",
814083,SNta42,
814095,SNta19,
814101,SNta37,
814112,SNxx03,
814118,SNta29,
814124,SNxx14,
814129,"SNta04,SNta11",
814135,SNta04,
814141,SNta11,
814147,"SNta02,SNta09",
814153,SNta20,
814165,SNxx03,
814172,"SNta02,SNta09",
814173,SNxx01,
814176,,
814180,SNta11,
814187,SNta23,
814189,LgLG3,LgLG3_L
814193,SNta20,
814194,SNta29,
814196,SNta18,
814198,"SNta02,SNta09",
814202,SNta20,
814204,SNta28,
814215,SNta20,
814216,SNta18,
814226,"SNta02,SNta09",
814236,SNta37,
814237,SNta42,
814242,SNta37,
814245,SNta34,
814248,SNta11,
814249,SNta11,
814256,"SNta02,SNta09",
814275,"SNta04,SNta11",
814293,SNta11,
814300,SNta20,
814311,SNta29,
814315,SNta29,
814319,SNta44,
814320,"SNta02,SNta09",
814328,SNxx03,
814331,SNta20,
814343,"SNta02,SNta09",
814354,"SNta04,SNta11",
814358,SNta43,
814370,SNta19,
814383,SNta20,
814386,"SNta02,SNta09",
814397,SNta37,
814398,SNta20,
814418,SNta41,
814443,SNta34,
814449,"SNta02,SNta09",
814452,SNta11,
814458,SNta11,
814476,"SNta04,SNta11",
814481,SNta28,
814485,SNta38,
814507,SNxx33,
814511,SNta31,
814513,SNta34,
814517,SNta43,
814520,"SNta02,SNta09",
814524,SNta07,
814525,LgLG3,LgLG3_R
814526,SNxx04,
814533,SNta43,
814547,LgLG3,LgLG3_R
814548,"SNta02,SNta09",
814563,"SNta04,SNta11",
814570,,
814573,"SNta02,SNta09",
814575,SNxx03,
814577,"SNta04,SNta11",
814578,"SNta02,SNta09",
814579,SNxx03,
814580,"SNta02,SNta09",
814609,"SNta02,SNta09",
814615,SNta32,
814621,"SNta04,SNta11",
814623,SNta34,
814624,SNta29,
814627,SNta11,
814635,"SNta02,SNta09",
814639,LgLG3,LgLG3_L
814642,"SNta02,SNta09",
814650,SNta42,
814659,"SNta04,SNta11",
814666,SNta20,
814668,SNta43,
814674,SNta11,
814681,"SNta04,SNta11",
814691,SNxx04,
814701,SNta29,
814702,SNxx04,
814712,SNxx04,
814715,SNta07,
814726,"SNta02,SNta09",
814736,LgLG3,LgLG3_R
814743,"SNta19,SNta37",
814745,"SNta04,SNta11",
814756,"SNta02,SNta09",
814757,"SNta02,SNta09",
814760,"SNta02,SNta09",
814762,SNta41,
814767,SNta11,
814770,SNta37,
814772,SNta19,
814776,"SNta02,SNta09",
814777,SNxx03,
814793,LgLG3,LgLG3_R
814796,"SNta04,SNta11",
814797,"SNta02,SNta09",
814798,SNta37,
814801,SNta34,
814822,SNta32,
814823,SNxx03,
814826,SNta36,
814829,"SNta02,SNta09",
814857,SNta31,
814858,SNta26,
814860,"SNta04,SNta11",
814862,SNta29,
814863,SNta20,
814877,"SNta02,SNta09",
814878,SNta29,
814880,"SNta02,SNta09",
814882,LgLG3,LgLG3_L
814883,SNta43,
814893,SNta33,
814896,SNta20,
814897,SNta29,
814907,,
814911,SNta29,
814930,"SNta04,SNta11",
814937,SNta11,
814954,,
814960,SNta20,
814976,"SNta02,SNta09",
814977,SNta34,
814986,SNta30,
815004,SNta11,
815014,SNta23,
815015,SNta20,
815017,SNta37,
815024,SNta04,
815025,SNxx04,
815026,SNta34,
815027,SNta34,
815028,"SNta02,SNta09",
815030,"SNta04,SNta11",
815037,SNta19,
815047,SNxx03,
815049,"SNta19,SNta37",
815051,SNxx03,
815052,"SNta04,SNta11",
815071,LgLG3,
815077,"SNta04,SNta11",
815090,SNta41,
815098,SNta07,
815106,"SNta02,SNta09",
815107,SNxx04,
815111,SNta29,
815143,SNta29,
815144,SNta23,
815145,LgLG3,LgLG3_L
815148,SNta11,
815149,,
815150,SNta33,
815165,SNxx04,
815166,"SNta02,SNta09",
815169,"SNta02,SNta09",
815170,SNta11,
815175,"SNta02,SNta09",
815176,SNta20,
815177,SNta20,
815186,SNta11,
815188,LgLG3,LgLG3_R
815196,SNta34,
815197,"SNta19,SNta37",
815202,"SNta02,SNta09",
815212,"SNta02,SNta09",
815213,SNta20,
815221,SNta07,
815233,SNta43,
815244,"SNta02,SNta09",
815263,SNta37,
815265,SNxx03,
815266,"SNta02,SNta09",
815283,SNxx03,
815287,SNta11,
815289,SNta37,
815295,SNta37,
815318,SNxx03,
815338,SNxx14,
815340,"SNta04,SNta11",
815346,SNta26,
815354,SNta07,
815356,SNta42,
815368,SNta34,
815379,SNta43,
815381,SNta19,
815385,SNxx06,
815386,SNta29,
815402,SNta23,
815416,SNta34,
815421,SNxx22,
815424,SNta34,
815431,SNta20,
815434,"SNta02,SNta09",
815438,"SNta02,SNta09",
815459,"SNta02,SNta09",
815461,SNta34,
815466,LgLG3,LgLG3_R
815475,SNxx04,
815482,SNta35,
815489,SNxx03,
815496,SNxx03,
815502,SNta07,
815506,SNxx03,
815507,SNxx03,
815526,SNta31,
815533,"SNta28,SNta44",
815538,SNta34,
815544,SNta32,
815546,SNxx04,
815550,"SNta02,SNta09",
815559,SNta20,
815563,SNta31,
815567,SNta29,
815568,SNxx03,
815579,SNta07,
815583,"SNta02,SNta09",
815611,"SNta02,SNta09",
815632,SNxx03,
815634,SNta31,
815635,WG2,WG2_L
815638,"SNta02,SNta09",
815642,SNta20,
815644,SNta20,
815647,SNta35,
815658,SNxx04,
815659,SNta44,
815665,SNta29,
815668,SNxx03,
815675,SNta41,
815676,SNta20,
815704,SNta31,
815709,SNta11,
815710,SNta35,
815715,SNta07,
815717,SNta41,
815720,SNxx03,
815726,"SNta02,SNta09",
815736,SNta29,
815740,"SNta02,SNta09",
815743,SNxx03,
815748,LgLG3,LgLG3_R
815765,"SNta02,SNta09",
815771,"SNta02,SNta09",
815775,"SNta02,SNta09",
815779,"SNta02,SNta09",
815784,SNxx04,
815789,SNta35,
815796,SNta35,
815799,SNta35,
815800,SNxx03,
815807,"SNta02,SNta09",
815810,SNta32,
815814,SNta23,
815816,SNta34,
815832,LgLG3,LgLG3_R
815837,SNta34,
815842,SNta19,
815859,IN23B072,IN23B072_R
815863,IN12B079_c,IN12B079_c_L
815865,"SNta02,SNta09",
815866,SNta31,
815874,SNta29,
815883,SNta29,
815907,SNxx04,
815917,SNta20,
815930,WG2,WG2_L
815934,LgLG3,LgLG3_R
815937,SNta37,
815944,WG2,WG2_L
815950,SNta11,
815963,SNta31,
815967,SNta29,
815972,,
815973,"SNta02,SNta09",
815977,SNxx03,
815978,SNta37,
815980,"SNta02,SNta09",
815983,SNxx05,
815992,SNta11,
815994,SNta33,
816001,SNta29,
816016,SNta26,
816019,LgLG3,LgLG3_L
816034,SNta07,
816035,SNxx03,
816047,SNta37,
816048,,
816049,SNta31,
816053,SNta31,
816056,"SNta19,SNta37",
816065,SNta04,
816075,SNta43,
816079,,
816080,SNta41,
816084,SNxx04,
816089,,
816092,"SNta02,SNta09",
816096,SNta20,
816097,"SNta02,SNta09",
816104,SNxx22,
816105,"SNta02,SNta09",
816106,WG2,WG2_L
816107,"SNta02,SNta09",
816108,SNta43,
816109,LgLG3,LgLG3_R
816111,SNta34,
816114,"SNta02,SNta09",
816123,SNxx04,
816127,,
816131,SNta31,
816135,"SNta02,SNta09",
816142,WG2,WG2_L
816146,SNxx03,
816158,SNta29,
816164,SNxx04,
816168,SNta20,
816169,SNta36,
816170,SNxx03,
816185,SNta37,
816186,IN23B060,IN23B060_R
816197,SNta11,
816205,SNta34,
816221,SNxx04,
816224,SNta34,
816240,WG2,WG2_L
816244,SNta43,
816245,"SNta02,SNta09",
816254,WG2,WG2_L
816259,"SNta02,SNta09",
816261,"SNta02,SNta09",
816266,,
816267,SNta20,
816268,"SNta02,SNta09",
816275,SNta23,
816279,LgLG3,LgLG3_R
816287,LgLG3,LgLG3_L
816294,SNta19,
816295,SNta20,
816309,SNta20,
816312,"SNta02,SNta09",
816331,SNta31,
816333,SNta35,
816336,SNta29,
816377,LgLG3,LgLG3_L
816380,WG2,WG2_L
816385,SNxx33,
816393,WG2,WG2_R
816403,SNxx03,
816407,SNta23,
816408,SNxx03,
816409,SNxx03,
816410,SNta31,
816413,SNxx03,
816417,"SNta04,SNta11",
816421,LgLG3,LgLG3_L
816423,WG2,WG2_R
816426,LgLG3,LgLG3_L
816428,"SNta02,SNta09",
816432,SNta31,
816456,SNta32,
816471,WG2,WG2_R
816473,SNta36,
816478,SNta29,
816488,SNta20,
816496,SNta23,
816519,SNxx03,
816522,WG2,WG2_L
816524,,
816529,SNtaxx,
816565,,
816567,"SNta02,SNta09",
816573,SNta20,
816574,WG2,WG2_L
816577,SNxx03,
816582,SNxx03,
816586,SNta31,
816588,SNxx03,
816593,WG2,WG2_R
816614,SNta34,
816616,SNta37,
816618,"SNta02,SNta09",
816622,"SNta02,SNta09",
816631,SNxx03,
816641,"SNta02,SNta09",
816643,WG2,WG2_L
816663,SNxx03,
816674,SNxx03,
816691,SNxx03,
816699,"SNta02,SNta09",
816700,SNta41,
816704,SNta34,
816721,WG2,WG2_R
816735,WG2,WG2_L
816739,SNta42,
816752,,
816754,LgLG3,LgLG3_R
816760,WG2,WG2_L
816762,SNta37,
816770,SNxx03,
816772,SNxx03,
816783,SNta19,
816784,"SNta02,SNta09",
816788,WG2,WG2_R
816805,SNta41,
816808,SNxx03,
816811,SNta31,
816812,SNxx06,
816825,SNxx03,
816829,SNxx04,
816834,LgLG3,LgLG3_R
816838,WG2,WG2_R
816847,,
816856,SNta34,
816859,SNxx03,
816863,SNxx04,
816867,SNta29,
816869,LgLG3,LgLG3_L
816871,SNxx03,
816872,WG2,WG2_R
816883,"SNta02,SNta09",
816885,SNxx04,
816890,WG2,WG2_L
816897,WG2,WG2_L
816902,SNxx03,
816909,SNta23,
816910,SNxx03,
816917,LgLG3,LgLG3_R
816920,WG2,WG2_L
816929,SNxx03,
816931,SNxx22,
816933,SNxx03,
816937,SNta31,
816938,SNta20,
816941,SNxx03,
816948,SNta37,
816955,SNta29,
816963,WG2,WG2_L
816981,SNta30,
816986,WG2,WG2_R
816993,LgLG3,LgLG3_R
816994,SNxx03,
817004,,
817016,SNta42,
817018,LgLG3,LgLG3_L
817024,SNta20,
817027,"SNta02,SNta09",
817036,SNta20,
817050,SNta20,
817062,"SNta02,SNta09",
817064,,
817068,WG2,WG2_R
817073,SNta20,
817076,WG2,WG2_L
817078,WG2,WG2_L
817128,LgLG3,LgLG3_L
817131,SNta37,
817138,"SNta02,SNta09",
817157,SNxx03,
817159,WG2,WG2_R
817180,"SNta19,SNta37",
817182,,
817186,LgLG3,LgLG3_R
817195,SNta31,
817200,WG2,WG2_R
817202,WG2,WG2_L
817215,,
817219,SNta29,
817225,"SNta02,SNta09",
817228,SNxx03,
817251,LgLG3,LgLG3_L
817252,,
817253,SNta20,
817257,SNta32,
817262,,
817267,SNxx03,
817292,LgLG3,LgLG3_R
817295,SNxx22,
817297,SNta28,
817302,,
817307,SNta19,
817311,LgLG3,LgLG3_R
817313,,
817321,,
817323,,
817337,SNxx03,
817341,SNta19,
817345,SNxx03,
817354,SNxx03,
817357,,
817358,LgLG3,LgLG3_R
817360,SNxx03,
817361,,
817370,SNta31,
817390,SNxx03,
817399,LgLG3,LgLG3_L
817404,WG2,WG2_L
817409,SNta34,
817411,SNta20,
817422,SNxx03,
817434,SNta28,
817439,SNxx03,
817444,SNxx04,
817455,WG2,WG2_R
817456,"SNta02,SNta09",
817459,,
817470,"SNta19,SNta37",
817477,,
817491,WG2,WG2_R
817501,,
817508,SNta36,
817538,SNta34,
817543,SNxx03,
817552,SNxx03,
817558,SNxx04,
817572,WG2,WG2_R
817606,SNxx22,
817611,,
817612,WG2,WG2_L
817613,,
817617,SNxx22,
817626,,
817628,SNxx05,
817631,SNta20,
817634,WG2,WG2_R
817647,SNxx22,
817651,SNta23,
817661,,
817669,SNta34,
817682,SNta31,
817692,SNxx03,
817700,SNta41,
817713,WG2,WG2_R
817747,,
817757,SNxx03,
817758,IN23B060,IN23B060_R
817760,SNxx04,
817767,,
817789,,
817801,,
817816,SNxx03,
817820,SNxx03,
817827,SNta34,
817833,,
817837,,
817842,SNxx03,
817848,SNxx22,
817850,,
817875,,
817877,SNxx04,
817878,,
817886,SNxx04,
817891,SNta30,
817895,SNta29,
817897,,
817908,SNta20,
817919,SNta41,
817920,,
817929,SNxx04,
817934,LgLG3,LgLG3_L
817943,SNta33,
817952,SNta23,
817954,SNta31,
817957,SNta29,
817965,,
817972,SNxx03,
817997,,
818000,SNta19,
818005,,
818012,"SNta02,SNta09",
818018,SNta35,
818020,,
818025,SNxx03,
818069,SNxx03,
818087,SNta20,
818094,,
818106,SNta20,
818114,SNxx03,
818118,SNxx03,
818139,LgLG3,LgLG3_R
818142,WG2,WG2_R
818158,,
818162,SNxx22,
818165,SNta30,
818174,,
818176,SNta19,
818190,,
818210,LgLG3,LgLG3_L
818251,,
818255,SNta33,
818272,SNta20,
818303,,
818313,SNxx03,
818317,SNta32,
818335,SNta20,
818339,SNta34,
818342,SNta42,
818346,,
818348,SNxx03,
818390,SNxx04,
818406,SNta29,
818419,SNxx05,
818432,SNxx03,
818445,SNxx03,
818453,SNxx03,
818474,SNta20,
818480,SNta30,
818488,SNta41,
818520,SNxx03,
818521,,
818528,SNta20,
818532,SNta32,
818550,SNxx01,
818554,,
818567,WG2,WG2_R
818585,SNxx03,
818591,SNta41,
818599,SNta42,
818617,SNta20,
818621,SNxx03,
818623,SNta35,
818628,,
818632,SNxx03,
818635,,
818636,LgLG3,LgLG3_L
818642,SNta35,
818676,SNta20,
818677,LgLG3,LgLG3_R
818695,,
818701,SNta29,
818704,SNta41,
818707,SNta32,
818716,SNta28,
818722,SNta36,
818723,SNxx04,
818743,,
818756,SNta29,
818778,SNta37,
818796,SNxx03,
818822,,
818823,SNta41,
818872,SNta29,
818878,LgLG3,LgLG3_L
818881,SNxx03,
818899,,
818906,SNta23,
818919,SNxx03,
818926,SNta20,
818932,SNta43,
818934,LgLG3,LgLG3_R
818986,SNxx03,
818989,SNta43,
819002,SNxx03,
819024,,
819039,LgLG3,LgLG3_L
819062,,
819104,,
819144,SNta31,
819146,SNta31,
819167,,
819170,SNta32,
819197,SNxx04,
819209,,
819247,SNxx03,
819249,SNta43,
819256,,
819258,SNta29,
819311,WG2,WG2_L
819316,LgLG3,LgLG3_L
819325,,
819332,,
819336,SNta31,
819356,LgLG3,LgLG3_R
819423,SNxx06,
819434,SNta35,
819463,SNta20,
819466,LgLG3,LgLG3_R
819472,SNta29,
819507,SNta40,
819531,SNta20,
819535,SNta29,
819554,SNxx05,
819561,SNta43,
819590,"SNta19,SNta37",
819592,,
819595,SNta42,
819648,SNxx04,
819664,SNta35,
819696,SNta31,
819701,,
819732,,
819745,,
819793,SNta24,
819804,SNxx03,
819860,SNta40,
819904,SNta37,
819921,SNta20,
819946,,
819980,,
819987,SNta35,
820026,,
820030,WG2,WG2_R
820036,SNta43,
820063,,
820096,SNta29,
820098,SNxxxx,
820116,SNta29,
820119,SNta36,
820149,SNxx05,
820155,SNta42,
820172,,
820215,LgLG3,LgLG3_R
820235,SNta43,
820242,,
820246,,
820270,SNta11,
820291,LgLG3,LgLG3_L
820297,SNta20,
820319,SNxx03,
820367,SNta41,
820375,SNxx05,
820385,,
820396,SNta40,
820406,,
820419,SNta32,
820436,,
820476,,
820492,SNta41,
820544,SNxx03,
820570,SNxx03,
820620,LgLG3,LgLG3_R
820640,,
820745,SNxx03,
820749,SNta20,
820754,SNxxxx,
820815,SNta34,
820827,LgLG3,LgLG3_R
820836,SNxx01,
820921,LgLG3,LgLG3_R
820936,,
820940,SNta29,
820986,SNxx03,
821028,SNta30,
821036,SNta37,
821067,,
821068,,
821169,IN19A065,IN19A065_L
821220,,
821230,,
821268,SNta29,
821281,SNta43,
821288,,
821331,,
821373,SNta41,
821441,SNta29,
821442,SNta42,
821572,SNta29,
821832,SNta43,
821904,SNta29,
821913,SNta42,
821914,,
821924,,
821956,SNta20,
822046,SNta20,
822074,SNta31,
822140,SNta31,
822225,SNta30,
822234,SNxx03,
822237,SNta42,
822284,SNxx03,
822350,,
822639,SNta37,
822689,SNta42,
822703,SNta31,
822797,SNta42,
822850,SNta20,
822923,,
822982,SNta42,
822989,,
823075,SNta41,
823171,,
823182,,
823271,"SNta04,SNta11",
823272,,
823539,,
823586,,
823594,SNta39,
823637,SNxx03,
823703,,
823741,,
823790,,
823877,,
823888,SNta20,
823934,,
824118,,
824134,SNta39,
824235,SNta36,
824287,,
824447,SNxx03,
824498,,
824501,,
824563,,
824567,SNta35,
824577,SNta20,
824645,,
824696,SNta41,
824702,SNta31,
824706,SNta20,
824814,SNta41,
824903,SNta31,
825192,SNta20,
825265,SNta40,
825362,,
825532,SNta41,
825572,SNta20,
825637,SNta42,
825773,,
825849,,
825957,,
826078,,
826223,SNta31,
826233,LgLG3,LgLG3_R
826270,,
826304,,
826417,SNtaxx,
826474,,
826548,SNta30,
826550,LgLG3,LgLG3_R
826805,,
826834,SNta20,
827138,,
827139,,
827671,SNta29,
827769,SNta19,
828130,SNta29,
828380,,
828491,SNta43,
828726,,
828732,,
829065,,
829077,,
829107,,
829346,SNta20,
829538,SNta20,
829805,,
830823,,
831045,SNxxxx,
831163,SNta42,
831499,,
831563,SNta42,
831813,,
831998,SNta35,
832026,,
832136,SNta20,
832315,SNta34,
832667,LgLG3,LgLG3_R
832851,SNta31,
833287,SNta37,
833543,,
833687,,
834858,SNta31,
834920,,
836544,,
836742,SNta31,
836986,SNxx03,
843109,,
845178,SNxx03,
846740,SNta29,
851260,SNta31,
852242,SNta20,
855805,SNta34,
856983,LgLG3,LgLG3_R
859509,SNta29,
892728,IN23B072,IN23B072_R
893632,SNta29,
901041,BM_InOm,BM_InOm_L
902298,SNta31,
902301,SNppxx,
902308,IN23B009,IN23B009_L
902322,IN23B018,IN23B018_L
902437,IN01A012,IN01A012_L
902440,SNta11,
902446,INXXX219,INXXX219_L
902447,SNta32,SNta32_L
902448,SNta32,
902449,IN23B060,IN23B060_L
902505,IN05B020,IN05B020_R
902507,"SNta04,SNta11",
902509,SNta07,
902556,IN04B100,IN04B100_R
902565,SNta10,
902566,IN05B001,IN05B001_R
902605,"SNta11,SNta14",
902628,SNpp32,
902629,SNxx03,
902639,,
902640,,
902662,INXXX238,INXXX238_L
902709,"SNta28,SNta44",
902734,SNxx03,
902760,IN17A020,IN17A020_L
902807,IN23B056,IN23B056_L
902808,BM_InOm,BM_InOm_L
902813,SNta20,
902817,,
902818,IN23B058,IN23B058_L
902839,IN23B061,IN23B061_R
902895,"SNta11,SNta14",
902918,SNta07,
902943,IN14A004,IN14A004_R
903054,IN03A053,IN03A053_R
903100,SNta29,
903101,SNxx03,
903120,SNta18,
903122,SNta29,
903151,WG2,WG2_L
903255,IN23B022,IN23B022_R
903316,IN23B058,IN23B058_R
903317,INXXX219,INXXX219_R
903386,"SNta04,SNta11",
903419,IN23B023,IN23B023_R
903420,IN23B028,IN23B028_R
903437,"SNta04,SNta11",
903440,SNxx03,
903441,,
903470,IN17A019,IN17A019_R
903540,IN12B072,IN12B072_L
903552,"SNta02,SNta09",
903577,SNta20,
903623,AN05B036,AN05B036_R
903641,SNta29,
903666,SNta07,
903667,IN23B005,IN23B005_R
903669,SNta33,
903694,IN14A001,IN14A001_L
903747,,
903773,,
903792,IN23B061,IN23B061_R
903803,,
903846,IN06B024,IN06B024_R
903990,IN01A012,IN01A012_R
904024,IN23B032,IN23B032_R
904025,SNta20,
904062,IN23B009,IN23B009_R
904110,SNxx04,
904178,SNta11,
904217,IN23B036,IN23B036_L
904272,IN04B096,IN04B096_L
904275,IN23B014,IN23B014_L
904307,IN13A029,IN13A029_L
904393,,
904402,SNxx03,
904571,SNta18,
904664,INXXX044,INXXX044_L
904667,SNta04,
904690,IN04B084,IN04B084_L
904753,"SNta11,SNta14",
904803,SNta11,
904806,IN03A082,IN03A082_L
904813,IN19B033,IN19B033_R
904814,IN06B078,IN06B078_L
904818,SNta44,
904849,"SNta11,SNta14",
904904,IN23B047,IN23B047_L
904925,"SNta11,SNta14",
904954,SNpp09,
904961,IN23B018,IN23B018_L
905111,SNta29,
905133,SNta35,
905134,IN23B032,IN23B032_R
905206,IN03A039,IN03A039_R
905382,IN04B096,IN04B096_R
905533,SNxx14,
905549,LgLG3,LgLG3_R
905558,IN01A031,IN01A031_R
905611,"SNta22,SNta33",
905658,IN20A.22A007,IN20A.22A007_R
905748,SNta18,
905769,"SNta19,SNta37",
905820,IN04B069,IN04B069_R
905836,IN23B046,IN23B046_L
905890,SNta11,
905925,"SNta02,SNta09",
905991,"SNta02,SNta09",
905995,IN04B027,IN04B027_R
906075,"SNta02,SNta09",
906078,IN23B032,IN23B032_L
906134,SNta05,
906268,SNta29,
906328,WG2,WG2_L
906360,IN23B014,IN23B014_R
906384,IN04B054_a,IN04B054_a_L
906419,IN01A039,IN01A039_L
906527,WG2,WG2_L
906616,SNta29,
906619,LgLG3,LgLG3_R
906620,SNta29,
906654,INXXX133,INXXX133_R
906686,INXXX045,INXXX045_L
906721,IN17A060,IN17A060_L
906811,SNta18,
907190,IN23B049,IN23B049_R
907191,SNta42,
907232,SNta20,
907323,SNxx04,
907324,SNxx03,
907337,IN01B020,IN01B020_L
907348,IN05B019,IN05B019_L
907349,SNxx04,
907350,SNxx03,
907353,,
907424,SNta18,
907436,INXXX227,INXXX227_R
907650,IN23B023,IN23B023_L
907663,IN14A044,IN14A044_R
907681,SNta03,
907758,IN23B044,IN23B044_R
907770,"SNta11,SNta14",
907771,SNta20,
907806,SNxx04,
907824,SNxx03,
907984,"SNta02,SNta09",
908117,,
908135,SNxx04,
908136,SNxx04,
908237,SNta37,
908238,SNta37,
908264,SNta31,
908289,IN03A029,IN03A029_L
908367,,
908372,SNta32,
908373,SNta32,
908496,"IN17A080,IN17A083","IN17A080,IN17A083_R"
908636,SNta37,
908637,SNta37,
908638,SNta37,
908650,SNxx04,
908669,SNta31,
908670,SNta31,
908671,SNta31,
908708,SNxx01,
908714,SNxx01,
908734,SNta29,
908752,"SNta11,SNta14",
908756,SNta29,
908757,SNxx03,
908783,SNta11,
908786,IN03A039,IN03A039_R
908845,SNta33,
908879,SNta37,
908901,SNta18,
908912,,
908949,SNta20,
908958,IN02A059,IN02A059_L
909084,IN23B033,IN23B033_R
909115,,
909116,,
909129,SNxx04,
909131,SNxx04,
909157,SNta33,
909194,SNta42,
909225,IN04B096,IN04B096_L
909241,SNta42,
909242,SNta20,
909243,SNta29,
909251,WG2,WG2_R
909273,"SNta19,SNta37",
909274,SNta20,
909324,IN03A080,IN03A080_L
909350,SNxx03,
909371,Sternal adductor MN,Sternal adductor MN_R
909388,SNta20,
909456,SNta33,
909551,SNta42,
909562,LgLG3,LgLG3_R
909568,IN23B049,IN23B049_L
909576,SNta20,
909577,SNta20,
909578,SNta20,
909580,SNta11,
909640,LgLG3,LgLG3_L
909740,SNta42,
909750,SNta20,
909751,SNta20,
909752,SNta29,
909758,,
909772,SNta34,
909805,"SNta11,SNta14",
909871,SNxx14,
910031,SNxx14,
910032,SNxx03,
910064,SNta32,
910068,SNta43,
910127,SNxx03,
910138,BM_InOm,BM_InOm_L
910452,SNxx04,
910455,"SNta04,SNta11",
910456,SNxx14,
910459,"SNta02,SNta09",
910460,"SNta02,SNta09",
910566,SNta37,
910608,SNta42,
910704,SNta20,
910744,SNta40,
910761,SNxx03,
911140,LgLG3,LgLG3_R
911242,SNxx01,
911276,SNta37,
911279,"SNta02,SNta09",
911296,,
911325,SNta30,
911397,SNta37,
911410,SNta29,
911626,SNta04,
911686,SNta11,
911726,"SNta04,SNta11",
911765,SNta20,
911768,,
911814,SNta18,
911856,SNxx01,
911874,SNxx01,
911904,"SNta02,SNta09",
911912,LgLG3,LgLG3_L
911920,"SNta02,SNta09",
911955,IN23B049,IN23B049_L
911960,SNta20,
911962,,
912023,SNta29,
912079,IN01A012,IN01A012_L
912096,AN09B036,AN09B036_L
912110,"SNta02,SNta09",
912176,SNta42,
912205,SNta19,
912242,"SNta02,SNta09",
912258,SNxx04,
912259,SNta04,
912325,SNxx01,
912326,,
912333,SNta20,
912343,,
912389,SNta26,
912414,SNta29,
912420,SNxx03,
912626,LgLG3,LgLG3_R
912718,"SNta02,SNta09",
912819,SNta35,
912824,SNta34,
912899,"SNta04,SNta11",
912923,"SNta02,SNta09",
912966,IN08A007,IN08A007_R
912988,SNxx03,
913075,SNta31,
913107,SNta33,
913111,SNta32,
913178,SNta36,
913245,LgLG3,LgLG3_R
913251,"SNta02,SNta09",
913276,SNxx04,
913292,SNta34,
913303,SNxx04,
913743,SNta20,
913933,IN23B072,IN23B072_L
914097,IN23B056,IN23B056_L
914267,SNxx04,
914268,LgLG3,LgLG3_L
914347,SNxx03,
914449,WG2,WG2_L
914493,SNta37,
914495,SNxx03,
914537,SNxx04,
914569,,
914648,SNta42,
914652,SNxx05,
914689,SNta36,
914732,SNta40,
914843,,
914844,,
914860,,
914917,SNxx04,
914984,SNxx04,
915077,,
915422,AN05B036,AN05B036_L
918972,BM_InOm,BM_InOm_L
919591,"SNta11,SNta14",
919615,"SNta04,SNta11",
919711,,
919720,BM_InOm,BM_InOm_R
920112,INXXX252,INXXX252_R
922277,BM_InOm,BM_InOm_R
923154,BM_InOm,BM_InOm_R
923446,BM_InOm,BM_InOm_L
923762,,
925148,SNta18,
926363,BM,BM_L
927735,"SNta11,SNta14",
928563,,
929968,BM_Vib,BM_Vib_L
932790,ANXXX092,ANXXX092_R
932853,IN23B038,IN23B038_L
932890,IN23B018,IN23B018_R
933241,IN01A031,IN01A031_L
933400,SNta39,
933729,IN17A023,IN17A023_L
934425,BM_InOm,BM_InOm_L
934619,SNta35,
935251,SNta41,
935501,IN13A060,IN13A060_R
935828,SNta05,
936461,SNxx04,
936489,SNta43,
936568,SNta44,
936578,SNta29,
936595,LgLG3,LgLG3_R
936612,SNta20,
937496,SNta30,
937647,SNta18,
940542,IN11A020,IN11A020_L
942159,,
942571,IN23B040,IN23B040_L
943313,SNxx03,
945500,,
946208,SNta37,
946314,SNta31,
946555,BM_InOm,BM_InOm_R
946727,BM_InOm,BM_InOm_R
952874,,
953404,BM_InOm,BM_InOm_L
954670,,
954981,,
102317176,BM_InOm,BM_InOm_L
104750295,,
108845011,BM_InOm,BM_InOm_R
110403310,BM_InOm,BM_InOm_L
111917959,BM_InOm,BM_InOm_R
112819175,BM_InOm,BM_InOm_R
117934614,BM_InOm,BM_InOm_R
124407427,BM_InOm,BM_InOm_R
126095791,JO-FV,JO-FV_R
127773554,BM_InOm,BM_InOm_L
129556866,,
133706517,BM_InOm,BM_InOm_R
135620134,,
139392329,BM_InOm,BM_InOm_R
144349898,BM_InOm,BM_InOm_R
150910063,BM_InOm,BM_InOm_R
156809894,BM_InOm,BM_InOm_L
161158793,BM_InOm,BM_InOm_R
169418449,BM_InOm,BM_InOm_L
176066484,JO-FV,JO-FV_R
177312535,BM_InOm,BM_InOm_R
181175800,BM_InOm,BM_InOm_L
205095020,JO-FV,JO-FV_R
208549821,BM_InOm,BM_InOm_R
213784262,BM_InOm,BM_InOm_R
213981659,BM_InOm,BM_InOm_R
235833925,BM_InOm,BM_InOm_R
237046948,BM_InOm,BM_InOm_L
240451025,BM_InOm,BM_InOm_R
240968228,BM_InOm,BM_InOm_R
241120188,BM_InOm,BM_InOm_R
247617314,,
255290209,,
255871078,,
256503709,,
261053804,BM_InOm,BM_InOm_R
264483828,BM_InOm,BM_InOm_R
265620368,BM_Vib,BM_Vib_R
269477486,,
281132698,BM_InOm,BM_InOm_L
282917265,BM_InOm,BM_InOm_L
289728837,BM_InOm,BM_InOm_R
305221249,,
315327503,BM_InOm,BM_InOm_R
317492635,BM_InOm,BM_InOm_R
323027797,BM_InOm,BM_InOm_R
327128397,BM_InOm,BM_InOm_L
346154680,,
346302680,BM_InOm,BM_InOm_R
348727044,BM_InOm,BM_InOm_R
353565022,BM_InOm,BM_InOm_R
358291260,,
374021034,,
378614061,BM_InOm,BM_InOm_R
385740173,BM_InOm,BM_InOm_R
389697874,BM_InOm,BM_InOm_R
418396583,,
427967297,,
434969835,BM_InOm,BM_InOm_R
435728966,BM_InOm,BM_InOm_L
453797081,,
491318618,BM_InOm,BM_InOm_L
492683804,BM_InOm,BM_InOm_R
495695380,BM_InOm,BM_InOm_L
503037465,,
505363511,,
509196674,BM_InOm,BM_InOm_R
509322897,,
514281417,BM_InOm,BM_InOm_R
534464626,JO-FV,JO-FV_R
538594156,BM,BM_L
552083077,,
556095667,,
599670920,BM_InOm,BM_InOm_L
611063412,,
628764882,BM_InOm,BM_InOm_R
629452454,,
634536612,BM_InOm,BM_InOm_R
634745126,BM,BM_L
635767367,BM_InOm,BM_InOm_R
639242246,JO-FV,JO-FV_L
647109191,BM_InOm,BM_InOm_L
650502050,,
666356211,,
667666105,BM_InOm,BM_InOm_R
673961277,,
694421624,BM_InOm,BM_InOm_R
705008006,,
721209677,BM_InOm,BM_InOm_R
732273595,BM_InOm,BM_InOm_L
743521261,BM_InOm,BM_InOm_L
748540956,,
765500510,,
777358703,BM_InOm,BM_InOm_L
791272384,BM_InOm,BM_InOm_R
791786086,BM_InOm,BM_InOm_R
793720445,JO-FV,JO-FV_L
804697244,BM_vOcci_vPoOr,BM_vOcci_vPoOr_R
812830130,JO-FV,JO-FV_L
820624394,BM_InOm,BM_InOm_R
837029745,BM_InOm,BM_InOm_L
844532042,BM_InOm,BM_InOm_R
845011371,BM_InOm,BM_InOm_R
846255116,BM_InOm,BM_InOm_R
861386036,BM_InOm,BM_InOm_R
875537740,,
876147332,BM_InOm,BM_InOm_R
879530032,BM,BM_R
889139056,BM_InOm,BM_InOm_R
896439219,,
896481080,BM_InOm,BM_InOm_R
910534796,BM_InOm,BM_InOm_R
920310070,BM,BM_L
935106736,,
949337522,BM_InOm,BM_InOm_R
952273252,BM_InOm,BM_InOm_R
955471966,,
967170040,BM_InOm,BM_InOm_R
969739619,BM_InOm,BM_InOm_R
972803028,BM_InOm,BM_InOm_R
973999354,BM_InOm,BM_InOm_L
980733096,,
981789985,,
984521165,BM_InOm,BM_InOm_R
987117568,JO-FV,JO-FV_L
1000554901,BM_InOm,BM_InOm_R
1002474206,BM_InOm,BM_InOm_R
1003434338,,
1004255645,BM_InOm,BM_InOm_R
1008492051,BM_InOm,BM_InOm_R
1023184841,BM_InOm,BM_InOm_R
1034904746,BM_InOm,BM_InOm_R
1050229344,SNta44,
1050515057,LgLG3,LgLG3_L
1050859066,INXXX073,INXXX073_R
1050931796,SNta29,
1051168067,SNta30,
1051816135,INXXX238,INXXX238_R
1052308919,SNta29,
1053125857,SNta20,
1054086974,LgLG3,LgLG3_R
1055278121,AN12B011,AN12B011_R
1058082355,LgLG3,
1061389617,SNta34,
1062759959,,
1064464421,SNta20,
1064623201,SNta36,
1066778249,SNta29,
1076768749,SNta20,
1079514751,SNta29,
1399810824,SNta34,
